건물용도코드,건물종류,건물일련번호,가점척도,경도,위도
7101,종합병원,115750,3,128.869611,35.25670268
6203,대형판매점,157842,3,128.8387584,35.23516561
6203,대형판매점,969,3,128.8702622,35.24190401
6203,대형판매점,970,3,128.8694373,35.24158255
6203,대형판매점,971,3,128.8691474,35.24158569
6203,대형판매점,972,3,128.8701978,35.24115563
6203,대형판매점,973,3,128.8740283,35.22606104
7101,종합병원,679,3,128.8821916,35.22673183
6203,대형판매점,705,3,128.8863046,35.2270223
6203,대형판매점,2115,3,128.8453325,35.27524758
6203,대형판매점,727,3,128.8880493,35.22716159
6203,대형판매점,2120,3,128.8440846,35.27537502
6203,대형판매점,2134,3,128.8383844,35.27574903
6203,대형판매점,2135,3,128.8387106,35.2757386
6203,대형판매점,2136,3,128.8385848,35.27570354
6203,대형판매점,738,3,128.8917155,35.22750602
6203,대형판매점,1080,3,128.9063655,35.22909861
6203,대형판매점,2137,3,128.8384873,35.27588066
6203,대형판매점,2141,3,128.8398734,35.27519353
6203,대형판매점,2142,3,128.8399166,35.27512886
6203,대형판매점,2150,3,128.842721,35.27561036
6203,대형판매점,2157,3,128.8356492,35.27697247
6203,대형판매점,2158,3,128.8350869,35.2770335
6203,대형판매점,2169,3,128.8322389,35.27697987
6203,대형판매점,2180,3,128.8261713,35.27721335
6203,대형판매점,2183,3,128.8263378,35.27747069
6203,대형판매점,1108,3,128.9149066,35.22917866
6203,대형판매점,2195,3,128.8289916,35.2768063
6203,대형판매점,2196,3,128.8286015,35.27715885
6203,대형판매점,2199,3,128.8279332,35.27726551
6203,대형판매점,2200,3,128.8280581,35.27719746
6203,대형판매점,2201,3,128.828245,35.27711016
6203,대형판매점,1126,3,128.9118891,35.22840078
6203,대형판매점,1127,3,128.9117692,35.22839403
6203,대형판매점,1128,3,128.9116485,35.22839342
6203,대형판매점,1133,3,128.9126209,35.22824685
6203,대형판매점,1134,3,128.9125214,35.22836077
6203,대형판매점,1146,3,128.9137329,35.22828756
6203,대형판매점,1147,3,128.9136851,35.22856964
6203,대형판매점,1148,3,128.9137297,35.22836989
6203,대형판매점,1149,3,128.9137854,35.22861208
6203,대형판매점,1150,3,128.9137745,35.22845596
6203,대형판매점,1151,3,128.913814,35.22833252
6203,대형판매점,1152,3,128.9139209,35.22848101
6203,대형판매점,1158,3,128.9148682,35.22825547
6203,대형판매점,1159,3,128.9147064,35.22856241
6203,대형판매점,1160,3,128.9149102,35.22860195
6203,대형판매점,1161,3,128.9149976,35.22867381
6203,대형판매점,872,3,128.8630708,35.2648417
6203,대형판매점,873,3,128.8629036,35.26468045
6203,대형판매점,874,3,128.8627463,35.26469651
6203,대형판매점,875,3,128.8627436,35.26493466
6203,대형판매점,876,3,128.8627738,35.2648528
6203,대형판매점,877,3,128.8626706,35.26488859
6203,대형판매점,878,3,128.8628183,35.26497791
6203,대형판매점,590,3,128.8929496,35.22766337
6203,대형판매점,595,3,128.8937291,35.22767401
6203,대형판매점,1335,3,128.9224864,35.22897883
6203,대형판매점,1336,3,128.9224202,35.22886581
6203,대형판매점,1339,3,128.9219444,35.22913571
6203,대형판매점,16599,3,128.8011152,35.32315963
6203,대형판매점,16130,3,128.7379754,35.30044321
6203,대형판매점,16149,3,128.7356391,35.29346182
6203,대형판매점,16150,3,128.7355642,35.29363857
6203,대형판매점,16151,3,128.7357238,35.29358517
6203,대형판매점,16152,3,128.7357014,35.29353334
6203,대형판매점,16153,3,128.7355828,35.29351644
6203,대형판매점,16154,3,128.7356258,35.29361492
6203,대형판매점,16155,3,128.7357503,35.29363685
6203,대형판매점,4446,3,128.8664293,35.24044732
4023,복합유통.제공업소,5318,3,128.7965107,35.19675483
6203,대형판매점,8289,3,128.8029837,35.19226541
7101,종합병원,5175,3,128.8670147,35.23818205
6203,대형판매점,4238,3,128.8741358,35.24854019
6203,대형판매점,7796,3,128.9036889,35.23529162
6203,대형판매점,5196,3,128.8685656,35.24218483
6203,대형판매점,7835,3,128.9155551,35.23627441
6203,대형판매점,7836,3,128.9154707,35.23633146
6203,대형판매점,8774,3,128.931941,35.30828459
6203,대형판매점,8775,3,128.9318176,35.30825451
6203,대형판매점,7864,3,128.9133674,35.23622282
6203,대형판매점,8790,3,128.9305063,35.3081065
6203,대형판매점,8791,3,128.9306069,35.30811891
6203,대형판매점,3094,3,128.8711292,35.25534502
6203,대형판매점,11525,3,128.834864,35.28250889
6203,대형판매점,11526,3,128.8344489,35.28256198
6203,대형판매점,11527,3,128.8348522,35.28261823
6203,대형판매점,11528,3,128.8347509,35.28251195
6203,대형판매점,11214,3,128.7342797,35.30499782
6203,대형판매점,11215,3,128.7342075,35.30489421
6203,대형판매점,11216,3,128.7344778,35.30493015
6203,대형판매점,11529,3,128.8342839,35.28264327
6203,대형판매점,11237,3,128.7348262,35.30210295
6203,대형판매점,11238,3,128.7346815,35.30211404
6203,대형판매점,11239,3,128.7347387,35.30223744
6203,대형판매점,11240,3,128.7348995,35.30217334
6203,대형판매점,12999,3,128.7989853,35.21328433
6203,대형판매점,13029,3,128.8004751,35.21189124
6203,대형판매점,13030,3,128.8004884,35.21195587
6203,대형판매점,13031,3,128.8003389,35.2117889
6203,대형판매점,13032,3,128.8003675,35.21184738
6203,대형판매점,14930,3,128.737113,35.3029049
6203,대형판매점,12482,3,128.9048016,35.23240484
6203,대형판매점,12483,3,128.9046873,35.23244389
6203,대형판매점,12484,3,128.9046664,35.23230376
6203,대형판매점,12485,3,128.9045026,35.23236415
6203,대형판매점,14957,3,128.7327769,35.30313916
6203,대형판매점,13153,3,128.8131188,35.1999881
6204,대형점,13166,3,128.8295963,35.18506213
6203,대형판매점,11143,3,128.7350608,35.30576622
6203,대형판매점,11147,3,128.7350966,35.30527156
6203,대형판매점,30464,3,128.8085529,35.20344704
6203,대형판매점,21778,3,128.8595363,35.23155959
6203,대형판매점,16877,3,128.8545713,35.2340306
6203,대형판매점,16878,3,128.8546107,35.23431418
6203,대형판매점,16879,3,128.854687,35.23411528
6203,대형판매점,19003,3,128.890993,35.23549138
6203,대형판매점,19004,3,128.8909217,35.23553055
6203,대형판매점,20884,3,128.8723869,35.2449685
6203,대형판매점,21216,3,128.8098139,35.33673848
6203,대형판매점,21217,3,128.8094291,35.33693481
6203,대형판매점,21218,3,128.8096977,35.33686855
6203,대형판매점,23535,3,128.825245,35.27760775
6203,대형판매점,23536,3,128.825299,35.27749532
6203,대형판매점,23537,3,128.8255108,35.27764136
6203,대형판매점,23538,3,128.8250458,35.27782209
6203,대형판매점,23539,3,128.825197,35.27794026
6203,대형판매점,23540,3,128.8251445,35.27787099
6203,대형판매점,17294,3,128.8938703,35.22995871
6203,대형판매점,17295,3,128.8940787,35.22986061
6203,대형판매점,25464,3,128.9025881,35.23323619
6203,대형판매점,25479,3,128.9031576,35.22854958
6203,대형판매점,25922,3,128.910324,35.23226704
6203,대형판매점,25347,3,128.8991888,35.22997823
6203,대형판매점,25371,3,128.9003984,35.23106117
6203,대형판매점,25372,3,128.9003222,35.23114934
6203,대형판매점,25373,3,128.9001617,35.23118009
6203,대형판매점,51502,3,128.8515061,35.21201332
6203,대형판매점,32656,3,128.8012981,35.19303787
6203,대형판매점,36023,3,128.9223946,35.23119362
4023,복합유통.제공업소,47060,3,128.807255,35.18785293
4023,복합유통.제공업소,47061,3,128.806969,35.18792423
4023,복합유통.제공업소,47062,3,128.8071426,35.18767585
6203,대형판매점,46419,3,128.8165493,35.19941913
6203,대형판매점,46420,3,128.8164167,35.19948739
6203,대형판매점,46421,3,128.8162208,35.19948765
6203,대형판매점,46422,3,128.8162585,35.1993813
6203,대형판매점,46423,3,128.8162694,35.19930434
6203,대형판매점,45451,3,128.9050397,35.24823578
6203,대형판매점,45452,3,128.9050595,35.24830942
6203,대형판매점,64014,3,128.8058394,35.20925717
6203,대형판매점,64015,3,128.8057488,35.2091449
6203,대형판매점,64016,3,128.8054665,35.20897087
6203,대형판매점,64017,3,128.8052232,35.20903551
6203,대형판매점,64018,3,128.8056248,35.20895387
6203,대형판매점,64035,3,128.8074836,35.20789592
6203,대형판매점,64036,3,128.807062,35.20792983
6203,대형판매점,64037,3,128.8071717,35.20843692
6203,대형판매점,64038,3,128.8073829,35.20827124
6203,대형판매점,64039,3,128.807258,35.20851382
6203,대형판매점,58048,3,128.7692505,35.24622719
7101,종합병원,64738,3,128.7789785,35.33151452
6203,대형판매점,56677,3,128.8399261,35.27596361
6203,대형판매점,56693,3,128.840482,35.27514477
6203,대형판매점,56694,3,128.8410099,35.27505799
6203,대형판매점,53089,3,128.8034175,35.32397565
6203,대형판매점,53090,3,128.8035012,35.32414441
6203,대형판매점,56175,3,128.842783,35.20609305
6203,대형판매점,56716,3,128.8421133,35.27460046
6203,대형판매점,56717,3,128.8424823,35.27451391
6203,대형판매점,55571,3,128.8941273,35.23081534
6203,대형판매점,55572,3,128.8942143,35.23076981
6203,대형판매점,55573,3,128.8943004,35.23080608
6203,대형판매점,55594,3,128.8968458,35.23241064
6203,대형판매점,55595,3,128.896832,35.23243912
6203,대형판매점,55596,3,128.8974984,35.2321601
6203,대형판매점,55597,3,128.8972522,35.23235673
6203,대형판매점,55373,3,128.9074689,35.24414225
6203,대형판매점,92881,3,128.8013758,35.18708758
7101,종합병원,109906,3,128.8696248,35.2301971
4023,복합유통.제공업소,111165,3,128.8867737,35.23859155
6203,대형판매점,98980,3,128.8011045,35.32300511
6203,대형판매점,108997,3,128.9009487,35.22645806
6203,대형판매점,109001,3,128.882049,35.22554641
6203,대형판매점,112305,3,128.8046909,35.19191917
4023,복합유통.제공업소,112851,3,128.7344739,35.31300223
6203,대형판매점,135138,3,128.984789,35.23626458
